estimator,parking_index,theta_hat,successes,exposure
trace_exposure,0,0.8,11.0,13.0
trace_exposure,1,0.4827586206896552,13.0,27.0
trace_exposure,2,0.7205882352941176,48.0,66.0
trace_exposure,3,0.5079365079365079,31.0,61.0
trace_exposure,4,0.46296296296296297,24.0,52.0
trace_exposure,5,0.6666666666666666,25.0,37.0
trace_exposure,6,0.425,16.0,38.0
trace_exposure,7,0.2616822429906542,27.0,105.0
trace_exposure,8,0.4339622641509434,22.0,51.0
trace_exposure,9,0.625,9.0,14.0
trace_exposure,10,0.5254237288135594,30.0,57.0
trace_exposure,11,0.5915492957746479,41.0,69.0
trace_exposure,12,0.6388888888888888,22.0,34.0
trace_exposure,13,0.2876712328767123,20.0,71.0
trace_exposure,14,0.3225806451612903,29.0,91.0
trace_exposure,15,0.3167701863354037,50.0,159.0
trace_exposure,16,0.2540983606557377,30.0,120.0
trace_exposure,17,0.3333333333333333,23.0,70.0
trace_exposure,18,0.4,21.0,53.0
trace_exposure,19,0.28,6.0,23.0
trace_exposure,20,0.2978723404255319,27.0,92.0
trace_exposure,21,0.0967741935483871,8.0,91.0
trace_exposure,22,0.4358974358974359,33.0,76.0
trace_exposure,23,0.7222222222222222,12.0,16.0
trace_exposure,24,0.13432835820895522,8.0,65.0
trace_exposure,25,0.17543859649122806,19.0,112.0
trace_exposure,26,0.26277372262773724,35.0,135.0
trace_exposure,27,0.33557046979865773,49.0,147.0
trace_exposure,28,0.2882882882882883,31.0,109.0
trace_exposure,29,0.30434782608695654,20.0,67.0
trace_exposure,30,0.2524271844660194,25.0,101.0
trace_exposure,31,0.22962962962962963,30.0,133.0
trace_exposure,32,0.24242424242424243,39.0,163.0
trace_exposure,33,0.1783783783783784,32.0,183.0
trace_exposure,34,0.2023121387283237,34.0,171.0
trace_exposure,35,0.08695652173913043,11.0,136.0
trace_exposure,36,0.36363636363636365,23.0,64.0
trace_exposure,37,0.26436781609195403,22.0,85.0
trace_exposure,38,0.3793103448275862,43.0,114.0
trace_exposure,39,0.23404255319148937,43.0,186.0
trace_exposure,40,0.21287128712871287,42.0,200.0
trace_exposure,41,0.23293172690763053,57.0,247.0
trace_exposure,42,0.09183673469387756,17.0,194.0
trace_exposure,43,0.19090909090909092,20.0,108.0
trace_exposure,44,0.2737430167597765,48.0,177.0
trace_exposure,45,0.15086206896551724,34.0,230.0
trace_exposure,46,0.19230769230769232,29.0,154.0
trace_exposure,47,0.2948717948717949,22.0,76.0
trace_exposure,48,0.660377358490566,34.0,51.0
trace_exposure,49,0.18556701030927836,17.0,95.0
trace_exposure,50,0.2423076923076923,62.0,258.0
trace_exposure,51,0.107981220657277,22.0,211.0
trace_exposure,52,0.195,38.0,198.0
trace_exposure,53,0.43564356435643564,43.0,99.0
trace_exposure,54,0.43617021276595747,40.0,92.0
trace_exposure,55,0.2191780821917808,31.0,144.0
trace_exposure,56,0.2831858407079646,31.0,111.0
trace_exposure,57,0.09292035398230089,20.0,224.0
trace_exposure,58,0.18359375,46.0,254.0
trace_exposure,59,0.2634920634920635,82.0,313.0
trace_exposure,60,0.16744186046511628,35.0,213.0
trace_exposure,61,0.3467741935483871,42.0,122.0
trace_exposure,62,0.4491525423728814,52.0,116.0
trace_exposure,63,0.1925133689839572,35.0,185.0
trace_exposure,64,0.11737089201877934,24.0,211.0
trace_exposure,65,0.2077922077922078,47.0,229.0
trace_exposure,66,0.17307692307692307,53.0,310.0
trace_exposure,67,0.21348314606741572,56.0,265.0
trace_exposure,68,0.15289256198347106,36.0,240.0
trace_exposure,69,0.27439024390243905,44.0,162.0
trace_exposure,70,0.33516483516483514,60.0,180.0
trace_exposure,71,0.17117117117117117,37.0,220.0
trace_exposure,72,0.1716867469879518,56.0,330.0
trace_exposure,73,0.21574344023323616,73.0,341.0
trace_exposure,74,0.20168067226890757,47.0,236.0
trace_exposure,75,0.11904761904761904,29.0,250.0
trace_exposure,76,0.17872340425531916,41.0,233.0
trace_exposure,77,0.22408026755852842,66.0,297.0
trace_exposure,78,0.21428571428571427,65.0,306.0
trace_exposure,79,0.11469534050179211,31.0,277.0
trace_exposure,80,0.208955223880597,41.0,199.0
trace_exposure,81,0.37404580152671757,48.0,129.0
trace_exposure,82,0.24786324786324787,57.0,232.0
trace_exposure,83,0.09230769230769231,17.0,193.0
trace_exposure,84,0.10852713178294573,13.0,127.0
trace_exposure,85,0.2289156626506024,56.0,247.0
trace_exposure,86,0.2129032258064516,65.0,308.0
trace_exposure,87,0.1016949152542373,17.0,175.0
trace_exposure,88,0.2413793103448276,27.0,114.0
trace_exposure,89,0.4409937888198758,70.0,159.0
trace_exposure,90,0.21782178217821782,43.0,200.0
trace_exposure,91,0.14136125654450263,26.0,189.0
trace_exposure,92,0.12,20.0,173.0
trace_exposure,93,0.08088235294117647,10.0,134.0
trace_exposure,94,0.3548387096774194,32.0,91.0
trace_exposure,95,0.7307692307692307,37.0,50.0
trace_exposure,96,0.13513513513513514,19.0,146.0
trace_exposure,97,0.15613382899628253,41.0,267.0
trace_exposure,98,0.11567164179104478,30.0,266.0
trace_exposure,99,0.6212121212121212,40.0,64.0
trace_exposure,100,0.08843537414965986,12.0,145.0
trace_exposure,101,0.19704433497536947,39.0,201.0
trace_exposure,102,0.15639810426540285,32.0,209.0
trace_exposure,103,0.1722689075630252,40.0,236.0
trace_exposure,104,0.2027491408934708,58.0,289.0
trace_exposure,105,0.17410714285714285,38.0,222.0
trace_exposure,106,0.1258741258741259,17.0,141.0
trace_exposure,107,0.2653061224489796,25.0,96.0
trace_exposure,108,0.08823529411764706,14.0,168.0
trace_exposure,109,0.1407035175879397,27.0,197.0
trace_exposure,110,0.09465020576131687,22.0,241.0
trace_exposure,111,0.09236947791164658,22.0,247.0
trace_exposure,112,0.17266187050359713,23.0,137.0
trace_exposure,113,0.17857142857142858,19.0,110.0
trace_exposure,114,0.23943661971830985,16.0,69.0
trace_exposure,115,0.7142857142857143,44.0,61.0
trace_exposure,116,0.13709677419354838,16.0,122.0
trace_exposure,117,0.09433962264150944,14.0,157.0
trace_exposure,118,0.24691358024691357,39.0,160.0
trace_exposure,119,0.19196428571428573,42.0,222.0
trace_exposure,120,0.15137614678899083,32.0,216.0
trace_exposure,121,0.14893617021276595,34.0,233.0
trace_exposure,122,0.07377049180327869,17.0,242.0
trace_exposure,123,0.2876712328767123,41.0,144.0
trace_exposure,124,0.13392857142857142,14.0,110.0
trace_exposure,125,0.26744186046511625,22.0,84.0
trace_exposure,126,0.20833333333333334,19.0,94.0
trace_exposure,127,0.14942528735632185,25.0,172.0
trace_exposure,128,0.18947368421052632,35.0,188.0
trace_exposure,129,0.15384615384615385,29.0,193.0
trace_exposure,130,0.625,19.0,30.0
trace_exposure,131,0.8260869565217391,18.0,21.0
trace_exposure,132,0.41379310344827586,47.0,114.0
trace_exposure,133,0.20512820512820512,31.0,154.0
trace_exposure,134,0.2605633802816901,36.0,140.0
trace_exposure,135,0.2222222222222222,27.0,124.0
trace_exposure,136,0.17272727272727273,18.0,108.0
trace_exposure,137,0.421875,26.0,62.0
trace_exposure,138,0.4444444444444444,35.0,79.0
trace_exposure,139,0.18181818181818182,27.0,152.0
trace_exposure,140,0.24285714285714285,16.0,68.0
trace_exposure,141,0.4722222222222222,16.0,34.0
trace_exposure,142,0.375,11.0,30.0
trace_exposure,143,0.4186046511627907,53.0,127.0
trace_exposure,144,0.5714285714285714,35.0,61.0
trace_exposure,145,0.39622641509433965,20.0,51.0
trace_exposure,146,0.4274193548387097,52.0,122.0
trace_exposure,147,0.550561797752809,48.0,87.0
trace_exposure,148,0.2786885245901639,16.0,59.0
trace_exposure,149,0.46938775510204084,22.0,47.0
trace_exposure,150,0.56,27.0,48.0
trace_exposure,151,0.6138613861386139,61.0,99.0
trace_exposure,152,0.46153846153846156,35.0,76.0
trace_exposure,153,0.7142857142857143,19.0,26.0
trace_exposure,154,0.6470588235294118,43.0,66.0
stop_confirmed,0,0.6666666666666666,1.0,1.0
stop_confirmed,1,0.3333333333333333,4.0,13.0
stop_confirmed,2,0.3333333333333333,1.0,4.0
stop_confirmed,3,0.36363636363636365,7.0,20.0
stop_confirmed,4,0.6666666666666666,1.0,1.0
stop_confirmed,5,0.8,3.0,3.0
stop_confirmed,6,0.6666666666666666,7.0,10.0
stop_confirmed,7,0.23404255319148937,10.0,45.0
stop_confirmed,8,0.3888888888888889,6.0,16.0
stop_confirmed,9,0.5555555555555556,4.0,7.0
stop_confirmed,10,0.8,3.0,3.0
stop_confirmed,11,0.35294117647058826,5.0,15.0
stop_confirmed,12,0.6666666666666666,1.0,1.0
stop_confirmed,13,0.75,5.0,6.0
stop_confirmed,14,0.45,8.0,18.0
stop_confirmed,15,0.6,5.0,8.0
stop_confirmed,16,0.5,3.0,6.0
stop_confirmed,17,0.6666666666666666,3.0,4.0
stop_confirmed,18,0.4,3.0,8.0
stop_confirmed,19,0.3333333333333333,3.0,10.0
stop_confirmed,20,0.5555555555555556,9.0,16.0
stop_confirmed,21,0.125,3.0,30.0
stop_confirmed,22,0.4,7.0,18.0
stop_confirmed,23,0.6,2.0,3.0
stop_confirmed,24,0.5,3.0,6.0
stop_confirmed,25,0.1875,2.0,14.0
stop_confirmed,26,0.8333333333333334,4.0,4.0
stop_confirmed,27,0.6,5.0,8.0
stop_confirmed,28,0.38461538461538464,4.0,11.0
stop_confirmed,29,0.75,2.0,2.0
stop_confirmed,30,0.52,12.0,23.0
stop_confirmed,31,0.5,5.0,10.0
stop_confirmed,32,0.6,8.0,13.0
stop_confirmed,33,0.3225806451612903,9.0,29.0
stop_confirmed,34,0.4666666666666667,6.0,13.0
stop_confirmed,35,0.10526315789473684,1.0,17.0
stop_confirmed,36,0.5263157894736842,9.0,17.0
stop_confirmed,37,0.4090909090909091,8.0,20.0
stop_confirmed,38,0.7272727272727273,7.0,9.0
stop_confirmed,39,0.5,5.0,10.0
stop_confirmed,40,0.5,3.0,6.0
stop_confirmed,41,0.5,4.0,8.0
stop_confirmed,42,0.2962962962962963,7.0,25.0
stop_confirmed,43,0.4583333333333333,10.0,22.0
stop_confirmed,44,0.5555555555555556,4.0,7.0
stop_confirmed,45,0.5555555555555556,9.0,16.0
stop_confirmed,46,0.4444444444444444,3.0,7.0
stop_confirmed,47,0.35714285714285715,4.0,12.0
stop_confirmed,48,0.6666666666666666,5.0,7.0
stop_confirmed,49,0.1875,8.0,46.0
stop_confirmed,50,0.52,12.0,23.0
stop_confirmed,51,0.32,7.0,23.0
stop_confirmed,52,0.6666666666666666,5.0,7.0
stop_confirmed,53,0.5,9.0,18.0
stop_confirmed,54,0.5789473684210527,10.0,17.0
stop_confirmed,55,0.8571428571428571,5.0,5.0
stop_confirmed,56,0.5,5.0,10.0
stop_confirmed,57,0.2222222222222222,7.0,34.0
stop_confirmed,58,0.75,2.0,2.0
stop_confirmed,59,0.4857142857142857,16.0,33.0
stop_confirmed,60,0.6,5.0,8.0
stop_confirmed,61,0.9,8.0,8.0
stop_confirmed,62,0.75,5.0,6.0
stop_confirmed,63,0.5,7.0,14.0
stop_confirmed,64,0.39285714285714285,10.0,26.0
stop_confirmed,65,0.8181818181818182,8.0,9.0
stop_confirmed,66,0.2909090909090909,15.0,53.0
stop_confirmed,67,0.875,6.0,6.0
stop_confirmed,68,0.75,2.0,2.0
stop_confirmed,69,0.5,1.0,2.0
stop_confirmed,70,0.46153846153846156,5.0,11.0
stop_confirmed,71,0.375,14.0,38.0
stop_confirmed,72,0.6,11.0,18.0
stop_confirmed,73,0.6111111111111112,10.0,16.0
stop_confirmed,74,0.6666666666666666,5.0,7.0
stop_confirmed,75,0.47619047619047616,9.0,19.0
stop_confirmed,76,0.5833333333333334,6.0,10.0
stop_confirmed,77,0.5714285714285714,7.0,12.0
stop_confirmed,78,0.7647058823529411,12.0,15.0
stop_confirmed,79,0.3125,4.0,14.0
stop_confirmed,80,0.7142857142857143,4.0,5.0
stop_confirmed,81,0.8333333333333334,4.0,4.0
stop_confirmed,82,0.5384615384615384,6.0,11.0
stop_confirmed,83,0.25,2.0,10.0
stop_confirmed,84,0.25,1.0,6.0
stop_confirmed,85,0.8,3.0,3.0
stop_confirmed,86,0.425,16.0,38.0
stop_confirmed,87,0.35714285714285715,4.0,12.0
stop_confirmed,88,0.6666666666666666,5.0,7.0
stop_confirmed,89,0.6923076923076923,8.0,11.0
stop_confirmed,90,0.5882352941176471,9.0,15.0
stop_confirmed,91,0.5714285714285714,7.0,12.0
stop_confirmed,92,0.375,2.0,6.0
stop_confirmed,93,0.14285714285714285,1.0,12.0
stop_confirmed,94,0.3333333333333333,4.0,13.0
stop_confirmed,95,0.5,6.0,12.0
stop_confirmed,96,0.17391304347826086,3.0,21.0
stop_confirmed,97,0.4444444444444444,11.0,25.0
stop_confirmed,98,0.2857142857142857,11.0,40.0
stop_confirmed,99,0.42105263157894735,7.0,17.0
stop_confirmed,100,0.2777777777777778,4.0,16.0
stop_confirmed,101,0.6666666666666666,1.0,1.0
stop_confirmed,102,0.625,4.0,6.0
stop_confirmed,103,0.3125,4.0,14.0
stop_confirmed,104,0.631578947368421,11.0,17.0
stop_confirmed,105,0.5,2.0,4.0
stop_confirmed,106,0.5555555555555556,4.0,7.0
stop_confirmed,107,0.36363636363636365,7.0,20.0
stop_confirmed,108,0.35,6.0,18.0
stop_confirmed,109,0.3448275862068966,9.0,27.0
stop_confirmed,110,0.2903225806451613,8.0,29.0
stop_confirmed,111,0.2608695652173913,5.0,21.0
stop_confirmed,112,0.5714285714285714,3.0,5.0
stop_confirmed,113,0.43478260869565216,9.0,21.0
stop_confirmed,114,0.24324324324324326,8.0,35.0
stop_confirmed,115,0.7777777777777778,6.0,7.0
stop_confirmed,116,0.14814814814814814,3.0,25.0
stop_confirmed,117,0.23076923076923078,2.0,11.0
stop_confirmed,118,0.8,3.0,3.0
stop_confirmed,119,0.45454545454545453,4.0,9.0
stop_confirmed,120,0.5833333333333334,6.0,10.0
stop_confirmed,121,0.6363636363636364,6.0,9.0
stop_confirmed,122,0.1875,5.0,30.0
stop_confirmed,123,0.6,2.0,3.0
stop_confirmed,124,0.5,3.0,6.0
stop_confirmed,125,0.4166666666666667,4.0,10.0
stop_confirmed,126,0.25,7.0,30.0
stop_confirmed,127,0.23809523809523808,9.0,40.0
stop_confirmed,128,0.5,6.0,12.0
stop_confirmed,129,0.6,5.0,8.0
stop_confirmed,130,0.5,6.0,12.0
stop_confirmed,131,0.5,1.0,2.0
stop_confirmed,132,0.5,2.0,4.0
stop_confirmed,133,0.38461538461538464,4.0,11.0
stop_confirmed,134,0.391304347826087,8.0,21.0
stop_confirmed,135,0.42105263157894735,7.0,17.0
stop_confirmed,136,0.42857142857142855,2.0,5.0
stop_confirmed,137,0.75,5.0,6.0
stop_confirmed,138,0.4,1.0,3.0
stop_confirmed,139,0.35714285714285715,4.0,12.0
stop_confirmed,140,0.29411764705882354,4.0,15.0
stop_confirmed,141,0.4,7.0,18.0
stop_confirmed,142,0.23529411764705882,3.0,15.0
stop_confirmed,143,0.3469387755102041,16.0,47.0
stop_confirmed,144,0.625,4.0,6.0
stop_confirmed,145,0.3333333333333333,2.0,7.0
stop_confirmed,146,0.7647058823529411,12.0,15.0
stop_confirmed,147,0.47368421052631576,8.0,17.0
stop_confirmed,148,0.17142857142857143,5.0,33.0
stop_confirmed,149,0.45454545454545453,4.0,9.0
stop_confirmed,150,0.8181818181818182,8.0,9.0
stop_confirmed,151,0.5128205128205128,19.0,37.0
stop_confirmed,152,0.3,11.0,38.0
stop_confirmed,153,0.6666666666666666,3.0,4.0
stop_confirmed,154,0.6363636363636364,13.0,20.0
oracle_exposure,0,0.8571428571428571,11.0,12.0
oracle_exposure,1,0.4117647058823529,13.0,32.0
oracle_exposure,2,0.7538461538461538,48.0,63.0
oracle_exposure,3,0.41025641025641024,31.0,76.0
oracle_exposure,4,0.5952380952380952,24.0,40.0
oracle_exposure,5,0.8125,25.0,30.0
oracle_exposure,6,0.4857142857142857,16.0,33.0
oracle_exposure,7,0.22580645161290322,27.0,122.0
oracle_exposure,8,0.3770491803278688,22.0,59.0
oracle_exposure,9,0.43478260869565216,9.0,21.0
oracle_exposure,10,0.8378378378378378,30.0,35.0
oracle_exposure,11,0.5833333333333334,41.0,70.0
oracle_exposure,12,0.696969696969697,22.0,31.0
oracle_exposure,13,0.5,20.0,40.0
oracle_exposure,14,0.42857142857142855,29.0,68.0
oracle_exposure,15,0.5204081632653061,50.0,96.0
oracle_exposure,16,0.4305555555555556,30.0,70.0
oracle_exposure,17,0.631578947368421,23.0,36.0
oracle_exposure,18,0.4782608695652174,21.0,44.0
oracle_exposure,19,0.2413793103448276,6.0,27.0
oracle_exposure,20,0.417910447761194,27.0,65.0
oracle_exposure,21,0.14285714285714285,8.0,61.0
oracle_exposure,22,0.4722222222222222,33.0,70.0
oracle_exposure,23,0.6190476190476191,12.0,19.0
oracle_exposure,24,0.2903225806451613,8.0,29.0
oracle_exposure,25,0.31746031746031744,19.0,61.0
oracle_exposure,26,0.7058823529411765,35.0,49.0
oracle_exposure,27,0.6756756756756757,49.0,72.0
oracle_exposure,28,0.5161290322580645,31.0,60.0
oracle_exposure,29,0.6774193548387096,20.0,29.0
oracle_exposure,30,0.34210526315789475,25.0,74.0
oracle_exposure,31,0.5961538461538461,30.0,50.0
oracle_exposure,32,0.5714285714285714,39.0,68.0
oracle_exposure,33,0.3626373626373626,32.0,89.0
oracle_exposure,34,0.5147058823529411,34.0,66.0
oracle_exposure,35,0.19047619047619047,11.0,61.0
oracle_exposure,36,0.41379310344827586,23.0,56.0
oracle_exposure,37,0.3770491803278688,22.0,59.0
oracle_exposure,38,0.6470588235294118,43.0,66.0
oracle_exposure,39,0.6376811594202898,43.0,67.0
oracle_exposure,40,0.6417910447761194,42.0,65.0
oracle_exposure,41,0.6666666666666666,57.0,85.0
oracle_exposure,42,0.20930232558139536,17.0,84.0
oracle_exposure,43,0.27631578947368424,20.0,74.0
oracle_exposure,44,0.6712328767123288,48.0,71.0
oracle_exposure,45,0.4166666666666667,34.0,82.0
oracle_exposure,46,0.5084745762711864,29.0,57.0
oracle_exposure,47,0.41818181818181815,22.0,53.0
oracle_exposure,48,0.625,34.0,54.0
oracle_exposure,49,0.17307692307692307,17.0,102.0
oracle_exposure,50,0.5887850467289719,62.0,105.0
oracle_exposure,51,0.27058823529411763,22.0,83.0
oracle_exposure,52,0.639344262295082,38.0,59.0
oracle_exposure,53,0.55,43.0,78.0
oracle_exposure,54,0.4880952380952381,40.0,82.0
oracle_exposure,55,0.5714285714285714,31.0,54.0
oracle_exposure,56,0.4,31.0,78.0
oracle_exposure,57,0.23595505617977527,20.0,87.0
oracle_exposure,58,0.7014925373134329,46.0,65.0
oracle_exposure,59,0.5286624203821656,82.0,155.0
oracle_exposure,60,0.6792452830188679,35.0,51.0
oracle_exposure,61,0.6142857142857143,42.0,68.0
oracle_exposure,62,0.6883116883116883,52.0,75.0
oracle_exposure,63,0.5294117647058824,35.0,66.0
oracle_exposure,64,0.28735632183908044,24.0,85.0
oracle_exposure,65,0.64,47.0,73.0
oracle_exposure,66,0.2983425414364641,53.0,179.0
oracle_exposure,67,0.6951219512195121,56.0,80.0
oracle_exposure,68,0.7254901960784313,36.0,49.0
oracle_exposure,69,0.8181818181818182,44.0,53.0
oracle_exposure,70,0.6224489795918368,60.0,96.0
oracle_exposure,71,0.3486238532110092,37.0,107.0
oracle_exposure,72,0.5428571428571428,56.0,103.0
oracle_exposure,73,0.592,73.0,123.0
oracle_exposure,74,0.6486486486486487,47.0,72.0
oracle_exposure,75,0.3333333333333333,29.0,88.0
oracle_exposure,76,0.5675675675675675,41.0,72.0
oracle_exposure,77,0.6907216494845361,66.0,95.0
oracle_exposure,78,0.6285714285714286,65.0,103.0
oracle_exposure,79,0.41025641025641024,31.0,76.0
oracle_exposure,80,0.7368421052631579,41.0,55.0
oracle_exposure,81,0.7538461538461538,48.0,63.0
oracle_exposure,82,0.6823529411764706,57.0,83.0
oracle_exposure,83,0.3103448275862069,17.0,56.0
oracle_exposure,84,0.3111111111111111,13.0,43.0
oracle_exposure,85,0.7307692307692307,56.0,76.0
oracle_exposure,86,0.4489795918367347,65.0,145.0
oracle_exposure,87,0.33962264150943394,17.0,51.0
oracle_exposure,88,0.509090909090909,27.0,53.0
oracle_exposure,89,0.7395833333333334,70.0,94.0
oracle_exposure,90,0.5,43.0,86.0
oracle_exposure,91,0.4153846153846154,26.0,63.0
oracle_exposure,92,0.525,20.0,38.0
oracle_exposure,93,0.1896551724137931,10.0,56.0
oracle_exposure,94,0.55,32.0,58.0
oracle_exposure,95,0.6229508196721312,37.0,59.0
oracle_exposure,96,0.23809523809523808,19.0,82.0
oracle_exposure,97,0.42424242424242425,41.0,97.0
oracle_exposure,98,0.26495726495726496,30.0,115.0
oracle_exposure,99,0.5,40.0,80.0
oracle_exposure,100,0.20967741935483872,12.0,60.0
oracle_exposure,101,0.8163265306122449,39.0,47.0
oracle_exposure,102,0.5892857142857143,32.0,54.0
oracle_exposure,103,0.4823529411764706,40.0,83.0
oracle_exposure,104,0.5673076923076923,58.0,102.0
oracle_exposure,105,0.6964285714285714,38.0,54.0
oracle_exposure,106,0.36,17.0,48.0
oracle_exposure,107,0.3023255813953488,25.0,84.0
oracle_exposure,108,0.3,14.0,48.0
oracle_exposure,109,0.3333333333333333,27.0,82.0
oracle_exposure,110,0.23958333333333334,22.0,94.0
oracle_exposure,111,0.2911392405063291,22.0,77.0
oracle_exposure,112,0.5333333333333333,23.0,43.0
oracle_exposure,113,0.28169014084507044,19.0,69.0
oracle_exposure,114,0.20238095238095238,16.0,82.0
oracle_exposure,115,0.7377049180327869,44.0,59.0
oracle_exposure,116,0.22972972972972974,16.0,72.0
oracle_exposure,117,0.3191489361702128,14.0,45.0
oracle_exposure,118,0.8163265306122449,39.0,47.0
oracle_exposure,119,0.5972222222222222,42.0,70.0
oracle_exposure,120,0.6111111111111112,32.0,52.0
oracle_exposure,121,0.5833333333333334,34.0,58.0
oracle_exposure,122,0.21428571428571427,17.0,82.0
oracle_exposure,123,0.8076923076923077,41.0,50.0
oracle_exposure,124,0.4411764705882353,14.0,32.0
oracle_exposure,125,0.4423076923076923,22.0,50.0
oracle_exposure,126,0.2777777777777778,19.0,70.0
oracle_exposure,127,0.24299065420560748,25.0,105.0
oracle_exposure,128,0.5625,35.0,62.0
oracle_exposure,129,0.5357142857142857,29.0,54.0
oracle_exposure,130,0.45454545454545453,19.0,42.0
oracle_exposure,131,0.76,18.0,23.0
oracle_exposure,132,0.7868852459016393,47.0,59.0
oracle_exposure,133,0.48484848484848486,31.0,64.0
oracle_exposure,134,0.39361702127659576,36.0,92.0
oracle_exposure,135,0.45161290322580644,27.0,60.0
oracle_exposure,136,0.4634146341463415,18.0,39.0
oracle_exposure,137,0.6136363636363636,26.0,42.0
oracle_exposure,138,0.7346938775510204,35.0,47.0
oracle_exposure,139,0.417910447761194,27.0,65.0
oracle_exposure,140,0.2786885245901639,16.0,59.0
oracle_exposure,141,0.3148148148148148,16.0,52.0
oracle_exposure,142,0.2608695652173913,11.0,44.0
oracle_exposure,143,0.38571428571428573,53.0,138.0
oracle_exposure,144,0.6206896551724138,35.0,56.0
oracle_exposure,145,0.4375,20.0,46.0
oracle_exposure,146,0.5824175824175825,52.0,89.0
oracle_exposure,147,0.6049382716049383,48.0,79.0
oracle_exposure,148,0.20987654320987653,16.0,79.0
oracle_exposure,149,0.41818181818181815,22.0,53.0
oracle_exposure,150,0.5384615384615384,27.0,50.0
oracle_exposure,151,0.47692307692307695,61.0,128.0
oracle_exposure,152,0.3302752293577982,35.0,107.0
oracle_exposure,153,0.625,19.0,30.0
oracle_exposure,154,0.5,43.0,86.0
